{"cameraMode":{"drawMode":0,"name":"Shaded","section":"Shading Mode"},"sceneLighting":true,"audioPlay":false,"sceneViewState":{"m_AlwaysRefresh":false,"showFog":true,"showSkybox":true,"showFlares":true,"showImageEffects":true,"showParticleSystems":true,"showVisualEffectGraphs":true,"m_FxEnabled":true},"in2DMode":false,"pivot":{"x":-0.36600345373153689,"y":2.100358009338379,"z":-2.587336301803589},"rotation":{"x":0.003000003984197974,"y":-0.0014999929117038847,"z":0.000004500197064771783,"w":0.9999943375587463},"size":5.194896221160889,"orthographic":false}